Staff ID,Staff Name,Email,Department,Manager,Branch,Course Name,Course Date
12070,Matthew Yu,myu@adventureworks.com,Sales,Rose Torossian,Melbourne,Presentation Skills & Public Speaking,25/06/2021
12201,Roman Rodrigues,rrodrigues@adventureworks.com,Sales,Luka Ivanovic,Melbourne,Coaching and Mentoring,8/06/2021
12318,Martina Santillan,msantillan@adventureworks.com,Sales,Matthew Yu,Melbourne,Building & Closing The Sale,15/06/2021
12075,Shayal Prasad,sprasad@adventureworks.com,Sales,Jack Tan,Melbourne,Presentation Skills & Public Speaking,25/06/2021
12223,Alexandra Williamson,awilliamson@adventureworks.com,Sales,Luka Ivanovic,Melbourne,Presentation Skills & Public Speaking,25/06/2021
