Staff ID,Staff Name,Email,Department,Manager,Branch,Course Name,Course Date
12366,Adrianna Halouvas,ahalouvas@adventureworks.com,Admin,Michael Wright,Sydney,Microsoft Project Fundamentals,7/06/2021
12366,Adrianna Halouvas,ahalouvas@adventureworks.com,Admin,Michael Wright,Sydney,"Team Leadership, Management and Development",18/06/2021
12164,Damien Palma,dpalma@adventureworks.com,Sales,Benjamin Smith,Sydney,Achieving Leadership & Success,14/06/2021
12215,Josh Marshall,jmarshall@adventureworks.com,Finance,Holly Mason,Sydney,Time Management,22/06/2021
12215,Josh Marshall,jmarshall@adventureworks.com,Finance,Holly Mason,Sydney,"Team Leadership, Management and Development",18/06/2021
12177,Aleksandar Denda,adenda@adventureworks.com,Admin,Michael Wright,Sydney,Time Management,22/06/2021
12162,Sean Hoffman,shoffman@adventureworks.com,Sales,Sanjot Singh,Sydney,Excel Intermediate,
12164,Damien Palma,dpalma@adventureworks.com,Sales,Benjamin Smith,Sydney,Excel Intermediate,
