Staff ID,Staff Name,Email,Department,Manager,Branch,Course Name,Course Date
12132,Clara Immanuelle,cimmanuelle@adventureworks.com,Sales,Gina Chen,Brisbane,Excel Intermediate,21/06/2021
12340,Neve Pearson,npearson@adventureworks.com,Sales,Alessandro Tolomeo,Brisbane,Word Intermediate,11/06/2021
12334,Connor Wilkinson,cwilkinson@adventureworks.com,Sales,Alessandro Tolomeo,Brisbane,Excel Advanced,28/06/2021
12272,William Cheung,wcheung@adventureworks.com,Admin,John Watson,Brisbane,Excel Intermediate,21/06/2021
12314,Nathaniel Merlino,nmerlino@adventureworks.com,Admin,John Watson,Brisbane,Word Intermediate,11/06/2021
12126,Chen Deng,cdeng@adventureworks.com,Admin,John Watson,Brisbane,Word Intermediate,11/06/2021
12354,Sammi Chung,schung@adventureworks.com,Sales,Alessandro Tolomeo,Brisbane,Excel Advanced,28/06/2021
